Country,1999,2000,2001,2002,2003,2004,2005,2006,2007,2008,2009,2010,2012,2013,2014,2015,2016,2017,2018,2019,2020,2021,2022
Afghanistan,0,0,0,4084,4585,5971,7309,8399,9892,11513,13318,15406,19248,21555,24304,0,0,0,0,0,0,0,0
Albania,3444,3695,4096,4456,5.6,7452,8376,9133,10163,11131,11726,11797,13808,14.91,16053,11591,12204,13214,14341,15553,16996,16.77,18012
Algeria,48845,54749,55181,57053,68013,85016,102.38,114322,116158,126889,134797,154843,177.83,190432,203449,175077,181.71,192256,202179,210906,219.16,163812,168195
Angola,6153,9135,8936,11386,13956,19.8,30632,43759,55.37,67608,69708,87718,118426,136415,151089,102011,98815,105369,112533,119403,127.15,70339,74953
Antigua and Barbuda,652,678,0.71,718,754,818,875,962,1026,1074,1.18,1196,1322,1404,1494,1285,1328,1386,1458,1536,1617,1405,1534
Argentina,283523,284204,268697,97732,127643,151958,181549,212702,247096,277912,301331,296109,315832,329332,347731,578705,578692,589585,602868,617386,633889,455172,483765
Armenia,1845,1912,2118,2376,2807,3573,4903,6.41,7666,8579,8683,8238,9086,9844,10821,10607,10672,11074,11.63,12273,12939,13612,15.06
Australia,401782,390017,368191,412901,527588,639356,712436,754816,822089,854072,920.01,982826,1039.69,1078.91,1125.82,1240.80,1253.00,1317.16,1381.51,1442.47,1515.70,1610.56,1677.45
Austria,213.39,194407,193345,208566,255842,293194,305338,321934,348659,364.58,374417,389002,406.52,417771,430611,372606,386227,402793,418402,433.75,452657,481209,520343
Azerbaijan,4581,5273,5708,6236,7276,8682,12561,19817,28699,40229,42505,51916,58795,62867,65776,63983,63602,70927,74266,83996,87276,52645,54725
Bahamas,,4704,5004,5131,5389,5503,5661,5.87,6223,6624,7026,7403,7409,7786,8.02,8287,0,0,0,0,0,0,0
Bahrain,6617,7966,7927,8446,9734,11.18,13378,16065,17505,19673,19361,21567,24231,25814,27165,30914,32335,34318,36334,38446,40522,39104,41057
Bangladesh,46529,47048,47194,49.56,54476,59.12,61.28,65216,71443,77943,92121,99088,114717,123447,133176,202333,218991,238723,260874,285329,310858,355689,390608
Barbados,2478,2559,2554,2476,2695,2817,3061,3386,3751,3922,3595,3.63,4.03,4.23,4445,4451,4537,4652,4805,4999,5222,4648,5142
Belarus,12104,12758,12421,14654,17823,23141,30131,36944,38185,37323,49043,53137,69146,79416,91501,62.02,66.37,70997,76023,82437,89315,65754,70632
Belgium,253889,232934,231928,252.66,310514,359155,372726,393.59,423541,441115,461489,480154,506004,520026,535079,458651,473524,492062,511491,531189,556197,581848,619.16
Belize,732,832,871,932,988,1055,1111,1213,1286,1362,1407,1471,1619,1701,1787,1763,1841,1931,2021,2114,2207,1909,2062
Benin,2492,2383,2502,2817,3565,4053,4406,4.76,5377,5838,6401,6772,8007,8713,9483,7701,8302,9061,9896,10765,11659,18067,19917
Bhutan,0.43,0.46,493,545,611,709,828,983,1156,1.29,1473,1563,1.83,1999,2174,2209,2465,2748,3141,3468,3798,2.48,2.74
Bolivia,8298,8412,8154,7917,8102,8749,9358,10828,11.91,13194,17549,18961,21809,23306,24925,33537,35231,38204,41429,44903,48626,38547,40895
Bosnia and Herzegovina,4995,5298,5558,6184,7801,9331,10058,11396,13164,14225,16961,17697,20424,22102,23616,15568,16306,17356,18556,19897,21559,21692,23006
Botswana,5629,6193,6.06,5959,8318,9831,10195,10808,11859,13071,10808,11519,13.64,14837,15032,13091,13011,13843,14814,16065,17456,17605,19002
Brazil,586922,644283,554.41,505712,552239,663552,882043,1067.71,1177.71,1251.63,1481.55,1724.35,1924.29,2036.24,2155.68,1799.61,1672.90,1759.27,1854.68,1953.67,2054.41,1645.84,1810.61
Brunei Darussalam,4.6,6001,5601,5843,6557,7872,9531,11438,12032,12499,14695,15698,16632,16917,17039,11636,11853,13038,14551,17129,19.1,15686,16263
Bulgaria,12977,12639,13605,15614,19974,24331,26719,30608,35781,39155,44777,45456,49867,53912,58117,47167,48594,50.73,53227,56032,59506,77907,84308
Burkina Faso,3015,2611,2815,3301,4279,5114,5624,6055,6924,7563,7.78,8308,9758,10545,11402,11323,12239,13433,14778,16266,18003,19932,21887
Burundi,808,709,662,628,595,664,801,908,999,1102,1.41,1437,1607,1714,1835,2.97,3247,3512,3825,4145,4489,3193,3396
Cambodia,3516,3655,3.97,4.28,4585,5307,6233,7096,7961,8655,10901,11748,14434,15932,17458,17714,19198,20.86,22765,24.83,27089,26.08,27985
Cameroon,10424,10046,9497,10888,13.63,15784,16.88,18372,20018,21383,21.82,23556,26232,27.73,29758,28524,30.79,33521,36458,39594,43247,44806,48.29
Canada,661345,725158,715632,734773,868485,993908,1132.44,1269.10,1266.40,1334.39,1319.14,1438.99,1584.48,1651.52,1713.41,1572.78,1592.35,1682.37,1773.80,1860.06,1958.15,2015.98,2189.79
Cape Verde,597,539,563,621,814,925,999,1.15,1313,1449,1755,1885,2243,2459,2689,0,0,0,0,0,0,0,0
Central African Republic,1039,962,968,1045,1198,1309,1376,1488,1624,1745,1983,2146,2428,2599,2776,1624,1.84,2096,2371,2637,2916,2587,2797
Chad,1537,1389,1711,1995,2728,4421,5896,6547,6139,6396,6974,8241,9112,9046,9205,11688,12.82,14704,15988,17.44,18547,12345,12953
Chile,72995,75.21,68568,67266,73991,95839,118985,145205,149647,149027,150361,160442,169244,179238,183909,240041,240309,250951,262953,276484,292019,331.25,352664
China,1083.28,1198.48,1324.81,1453.84,1640.97,1931.64,2243.69,2630.11,3051.24,3416.57,4757.74,5263.33,6524.23,7287.76,8283.35,11384.76,12253.98,13173.59,14272.35,15620.71,17100.06,16862.98,18463.13
Colombia,86186,83786,81.99,81122,79459,98059,123085,135075,149375,156.69,228614,245254,279366,297363,319728,274189,263476,303.75,339668,379025,421246,300791,319.29
Comoros,223,202,0.22,252,325,363,388,402,436,472,525,571,635,682,733,589,625,668,717,769,834,1281,1363
Congo Democratic Republic of,4319,4303,5155,5539,5681,6539,7096,8543,8953,9954,11104,12304,14525,15975,17352,0,0,0,0,0,0,0,0
Congo Republic of,2354,3.22,2794,3.02,3571,4349,5981,7399,6.06,6878,8632,12142,13186,12783,12671,0,0,0,0,0,0,0,0
Costa Rica,15797,15947,16404,16879,17491,18567,19937,21384,22242,23319,29291,30433,34316,36735,38891,51618,54977,58787,62963,67209,71816,61.46,64374
Côte d'Ivoire,12573,10448,10554,11527,13764,15501,16373,17339,18658,20225,22909,24747,28002,30172,32546,31.27,34284,37908,41.84,45956,50.86,68845,75075
Croatia,19906,18427,19.83,23032,29612,35261,38.51,42456,47422,51159,61724,63261,70.51,74861,79296,48932,50.04,52194,54919,57948,61381,63399,68525
Cyprus,9.78,9317,9678,10543,13.29,15789,16958,18235,19948,21279,23221,24306,26684,28066,29483,19383,19894,20767,21735,22747,23907,26546,28291
Czech Republic,60192,56717,61843,75276,91358,108214,123981,141801,160448,172504,189669,201333,229512,245565,264418,182462,189982,196987,201.46,203527,206851,276914,302061
Denmark,174172,160533,160583,174.42,212981,243.85,259217,276611,302.56,316164,308323,326639,354901,370892,383979,291043,300906,316271,333132,349886,369686,396666,414.55
Djibouti,541,556,577,596,628,666,709,768,835,914,1089,1205,1466,1612,1779,1743,1.93,2.14,2372,2614,2854,3654,3932
Dominica,265,269,264,253,258,272,285,0.3,313,327,376,389,425,445,465,538,559,577,598,621,646,571,628
Dominican Republic,17601,20059,21943,21625,16459,18435,29092,31.6,33119,33843,44716,45219,51474,54.91,58575,66575,69908,73.41,77088,80.95,85005,89502,97371
Ecuador,16674,15934,21.25,24899,28636,32636,36489,40447,42292,44962,55613,59618,65757,69463,73444,98925,101698,104773,108468,112418,116105,104483,109975
Egypt,89942,99155,95399,87506,81384,78802,89794,107375,129125,140157,187956,208458,250911,274795,299121,0,0,0,0,0,0,396328,438348
El Salvador,12465,13134,13813,14307,15047,15822,16974,18341,19647,21046,22166,22941,25348,27206,29167,25652,26592,27679,28896,30081,31358,27665,29316
Equatorial Guinea,738,1231,1766,2209,2.99,4.85,7477,9135,8473,9836,11175,12.84,15172,15161,14881,10025,10211,10399,10547,10681,10856,12528,12074
Eritrea,0.73,638,675,635,585,635,961,1.16,1425,1818,1694,1965,2677,3124,3663,4256,4809,5478,6289,7.23,7584,2254,2484
Estonia,5571,5627,6192,7306,9592,11646,13753,16.41,19573,21925,18045,17473,18.62,19803,21.09,22934,24224,25869,27646,29537,31856,36039,39542
Ethiopia,7604,7.9,7879,7428,8.03,9485,11373,13315,15646,17311,33.92,33144,35509,37891,40432,63022,70171,77438,84407,91.98,100324,92757,0
Fiji,1868,1653,1662,1811,2239,2627,2816,2977,3154,3301,3048,3063,3336,3504,3683,4526,4747,4973,5214,5.47,5739,4639,5.01
Finland,130948,122222,125269,135972,165031,189411,195785,210837,225434,235106,242328,252911,271393,281948,293345,230685,237111,246361,256596,267335,281.26,296016,314538
France,1456.80,1333.04,1341.39,1463.90,1804.99,2059.71,2127.17,2231.63,2401.44,2512.69,2634.82,2745.49,2907.44,2998.97,3089.18,2422.65,2488.38,2586.57,2690.48,2801.75,2940.19,2940.43,3140.03
Gabon,4669,5096,4709,4.97,6.08,7188,8681,9124,9337,9776,10936,12906,14042,14209,14693,13.8,14.24,15478,16648,17773,18899,18293,19632
Gambia,432,421,418,0.37,353,401,461,507,557,606,726,0.76,835,882,944,0,0,0,0,0,0,0,0
Georgia,2803,3042,3205,3395,3992,5111,6393,7.83,9279,10.52,10981,10761,12291,13293,14377,13753,14.27,15677,17074,18632,20331,17846,19688
Germany,2146.43,1905.80,1892.60,2024.06,2444.28,2744.22,2791.74,2897.03,3080.55,3184.13,3235.46,3325.76,3397.87,3443.06,3485.90,3371.00,3472.51,3595.41,3721.37,3846.70,4004.94,4230.17,4557.35
Ghana,7.71,4977,5309,6.16,7624,8872,10.72,12894,14988,16872,14761,15302,19.88,21199,22631,37679,42295,46921,51233,54993,58288,75487,82018
Greece,158291,146549,150459,170943,222323,264493,284226,307709,341826,367052,338.25,352.51,367.41,377199,387042,192.98,192515,201336,211.9,222361,234579,211645,224894
Grenada,0.38,0.41,395,408,444,426,504,529,571,617,683,709,762,799,844,957,1005,1055,1108,1164,1223,1083,1.16
Guatemala,18316,19288,21043,23309,24898,27.27,31789,35304,37922,40635,36471,36531,39017,40468,41885,63218,66401,70525,75129,79.96,85228,83305,89214
Guinea,3461,3112,3039,3.21,3624,3.97,3331,3317,3597,3759,4436,4547,5378,5868,6377,6733,7067,7587,8165,8.71,10326,16724,18223
Guinea-Bissau,224,216,199,204,236,0.27,302,305,342,362,438,464,515,546,578,1035,1116,1208,1313,1426,1563,1592,1721
Guyana,696,712,695,723,745,786,818,0.87,934,994,1196,1267,1456,1558,1658,3203,3411,3603,3802,4012,4223,7395,9837
Haiti,3972,3514,3416,3097,2684,3531,3983,4473,5091,5633,6908,7277,7943,8256,8669,8797,8924,9339,9.83,10397,10.97,20143,18825
Honduras,5374,5954,6321,6502,6.86,7454,8294,8981,9859,10589,14581,15757,18151,19873,21707,19941,20457,20999,21646,22357,23101,26325,27923
Hong Kong,163288,168754,166541,163709,158473,165823,177784,189538,201797,213915,208847,220828,243899,257357,271.4,307.79,322166,339378,358665,379776,405781,369722,389977
Hungary,48044,47958,53317,66.71,84419,102159,111568,114273,125024,131546,124241,132384,149,157976,166299,118.49,124012,130636,137335,143759,150095,180959,198992
Iceland,8681,8678,7894,8825,10838,13063,16081,16579,17718,17795,11781,11658,11864,12135,12527,16738,17775,18588,19267,19757,19991,25476,27172
India,440.76,461329,473867,494848,576547,667342,780784,886867,984.21,1079.90,1242.64,1339.49,1583.43,1740.41,1908.33,2182.58,2384.73,2607.41,2846.16,3131.95,3443.60,2946.06,3250.08
Indonesia,154705,165521,160657,195593,234834,257005,286957,364239,407521,444.29,514931,568589,661113,716887,777.89,872615,875.75,950438,1021.23,1103.29,1193.91,1150.25,1247.35
Iran,104656,96.44,115435,116421,133969,161261,188479,212492,225929,241006,331757,358878,403811,427594,454918,0,0,0,0,0,0,0,0
Ireland,96667,96609,104.57,122724,157119,183473,200769,222.08,250237,266997,226771,226.32,232.09,237912,243.05,227498,240454,254356,267745,280731,295976,516253,550518
Israel,108285,121,118659,109382,115.26,122503,129841,140195,149046,158397,215727,222898,244806,257.14,270446,298866,312434,319393,325563,331085,339065,467532,501409
Italy,1202.40,1100.56,1118.32,1223.24,1510.06,1728.86,1772.77,1852.59,1993.72,2075.93,2089.56,2172.44,2246.55,2296.21,2355.35,1819.05,1867.57,1932.94,1997.84,2061.97,2143.80,2120.23,2272.27
Jamaica,7316,7467,7894,8.08,7814,8801,9398,10565,11013,11443,11923,12363,13297,13873,14694,13823,14128,14713,15426,16213,17084,14857,15.63
Japan,4384.27,4668.79,4097.96,3925.11,4234.92,4608.14,4557.12,4367.46,4302.09,4453.39,5048.63,5187.46,5410.70,5591.43,5791.63,4116.24,4170.64,4342.16,4446.33,4590.91,4746.88,5103.11,5383.68
Jordan,8149,8461,8975,9582,10196,11398,12712,14318,16035,17589,22556,24405,28802,31028,33304,38.21,40891,43821,46937,50276,53852,45344,47.5
Kazakhstan,16955,18275,22135,24599,30.86,43152,57124,77237,91.61,108171,107038,120.75,154444,173084,199333,195005,173199,195269,218887,243072,268657,194024,203666
Kenya,12883,12316,13059,13191,15036,16199,18.73,23187,26404,29288,30212,34466,45226,49787,55078,63121,68866,76758,85263,94303,104043,109491,116641
Kiribati,54,47,45,49,58,58,56,0.06,62,63,114,116,122,126,129,164,166,169,173,175,0.18,232,245
Korea,445557,511961,481979,547856,608337,681227,791572,888267,942975,1000.53,800294,855384,1005.74,1087.25,1167.69,1392.95,1450.05,1545.81,1649.08,1763.36,1898.76,1823.85,1907.66
Kuwait,30123,37721,34901,38.14,47835,59268,80.78,96132,95408,103678,114878,135367,154047,164479,174939,123228,128538,141776,155529,167562,178517,132266,138.78
Kyrgyz Republic,1267,1368,1525,1606,1919,2215,2.46,2822,3287,3646,4681,4779,5.54,5899,6323,7158,7659,8301,8991,9715,10.43,8.15,8928
Lao People's Democratic Republic,1473,1735,1762,1.83,2149,2508,2887,3437,3998,4448,5721,6053,7069,7688,8374,0,0,0,0,0,0,0,0
Latvia,7289,7833,8313,9315,11186,13737,15826,19621,24127,27.79,24198,22145,23233,24461,25732,27822,29288,31416,33696,36003,38834,37199,40.83
Lebanon,17.01,16822,17212,18717,19802,21369,21428,22622,23646,24964,32.66,35214,40474,43163,45994,54395,57028,59411,62206,66123,70286,0,0
Lesotho,919,828,699,759,1118,1392,1491,1634,1746,1902,1624,1695,1842,1.92,1999,2035,2096,2235,2408,2538,2682,2478,2592
Liberia,0.4,529,515,543,0.41,0.46,529,622,663,0.72,868,914,1194,1413,1665,2015,2109,2282,2499,2733,2984,3384,3664
Libya,33957,36125,32199,19832,24015,30475,41685,50.33,60751,71787,60609,74.68,90605,99912,109604,29721,32.38,36581,41529,46746,53805,27.3,29202
Lithuania,10.84,11418,12146,14134,18558,22508,25667,29784,35.37,39172,35964,34884,37627,39406,41173,41776,44614,48051,50503,53269,56.8,62635,67659
Luxembourg,21216,20329,20216,22743,28957,33564,36621,40577,45751,48976,46513,47035,51197,53.59,56.04,57929,61257,65169,69332,73645,78827,83771,89683
Macedonia,3675,3583,3437,3769,4631,5377,5775,6248,7.02,7548,8825,9.3,10946,11.74,12566,0,0,0,0,0,0,0,0
Madagascar,3723,3866,4527,4557,5464,4359,5034,5489,6193,6581,8974,9039,10384,11477,12692,9514,9.17,9.75,10405,11.13,11.89,14101,15402
Malawi,1776,1743,1717,1935,1765,1903,2076,2238,2.4,2573,4909,5555,7156,8296,9679,6388,6149,6489,6898,7374,7912,12.15,12008
Malaysia,79148,90.32,88001,95266,103992,118461,130835,150923,160563,171829,207.35,216181,248835,270.36,293746,313479,350992,392439,437428,487731,544418,371114,415375
Maldives,589,624,625,641,692,806,795,988,1089,1189,1343,1444,1666,1784,1914,3031,3228,3483,3768,4086,4434,4573,5296
Mali,2921,2674,3018,3343,4429,4944,5412,6191,6836,7.36,8757,9557,10853,11541,12333,10954,11882,12913,13967,15037,16.13,19563,21261
Malta,3646,3571,3632,3882,4.92,5428,5667,6085,6195,6.53,7714,8103,8.85,9254,9668,9.19,9721,10343,10997,11656,12432,16695,18209
Mauritania,1195,1081,1122,1.15,1285,1495,1857,2663,2644,2858,3241,3445,4949,5582,6045,4677,4794,5138,5514,5925,6291,9164,9336
Mauritius,4193,4522,4536,4515,5159,5.93,6206,6402,7021,7.42,9156,8952,10146,10847,11629,11567,12145,12902,13699,14526,15.51,10998,11954
Mexico,480593,580791,621859,648629,638745,683486,767.69,840012,897315,951733,866336,952575,1097.85,1186.61,1273.56,1161.48,1187.05,1251.25,1322.92,1404.92,1495.66,1285.52,1371.64
Moldova,1171,1289,1.48,1662,1981,2598,2988,3242,3571,3945,5328,4748,5.3,5634,6052,6188,6498,7009,7567,8235,8998,12396,13315
Mongolia,906,947,1018,1121,1285,1625,2094,2803,3183,3.32,4212,4355,5775,7516,7595,12409,12.96,13699,14.82,16069,17871,14.28,15.83
Morocco,35249,33335,33901,36093,43813,50031,51621,57407,62311,67493,90775,98308,112455,120288,128427,103075,109912,117551,126147,135994,146854,126035,132645
Mozambique,4091,3719,3697,4094,4789,5913,6636,7296,7839,8366,9654,9605,11186,12031,12755,16985,19043,21244,23735,26495,32223,15833,16759
Myanmar,8487,8905,6478,6778,10467,10786,12151,13002,13713,14263,26523,27856,30733,32286,33.92,65775,71275,79046,87474,96408,106221,66.74,63052
Namibia,3384,3416,3218,3128,4474,5.61,6061,6316,6.72,7272,9039,9251,9865,10138,10414,12855,13703,14924,16215,17.37,18661,12213,13122
Nepal,5034,5494,5596,5568,5873,6757,7515,7994,8617,9366,13.14,15266,19097,20855,22757,21356,24067,26388,28555,30271,32.1,34265,36296
Netherlands,411997,386204,400998,439357,539343,609038,629911,663119,720.94,759491,789675,823.64,854871,876.58,902.03,750782,782934,818492,855637,893292,940749,1007.56,1070.75
New Zealand,56993,52414,51416,59901,79343,97646,108417,103.38,114331,118611,109563,117659,123024,126316,129843,170.59,165476,172115,179016,185929,194677,247.64,267636
Nicaragua,3.74,3939,4102,4025,4.1,4496,4.91,5369,5689,6067,6298,6363,6589,6851,7125,12321,13089,13872,14702,15581,16513,13397,13948
Niger,2021,1803,1947,2177,2736,2948,3403,3.55,3974,4285,5323,5876,7099,7565,8076,7119,7652,8479,9378,10274,11.4,15637,17261
Nigeria,37331,45737,47683,46.09,57564,71533,98564,115.35,127088,146.5,165437,185835,215126,232736,251306,492986,484895,508528,534715,565231,594992,480482,555346
Norway,159093,168671,170982,193175,225307,258986,301735,335281,349165,365775,368962,404213,428127,441282,454533,397.59,394776,415.19,436472,453441,470.99,445507,458398
Oman,15711,19868,19949,20325,21784,24749,30835,35992,38345,42436,52335,59657,67539,71594,76.1,60179,60632,65155,69107,72115,74402,80611,85719
Pakistan,71248,74.08,71457,71854,82592,98094,110.97,128996,141378,154677,166513,178723,194.27,205926,219322,270961,0,0,0,0,0,0,0
Panama,11456,11621,11808,12272,12933,14179,15483,17113,18627,20474,24754,26452,31968,35293,38809,47473,51525,56026,61149,66299,71679,60121,64366
Papua New Guinea,3462,3528,3082,2902,3503,3514,4011,4338,4326,4304,8.2,8389,8822,9077,9077,17995,18191,18924,19858,21043,22366,26461,28.31
Paraguay,7301,7095,6446,5091,5552,6.95,7473,8773,9206,9735,13611,14284,15939,17257,18788,29065,30094,31441,32.84,34237,35722,36973,39197
Peru,51553,53323,53933,57.04,61.49,69663,79394,93268,100596,107656,127368,139502,142051,152802,164355,179911,180375,193.59,207923,221314,235091,225858,231691
Philippines,76157,75912,71216,76814,79634,86703,98371,116931,133319,143923,158702,171078,190014,200928,212469,299314,330232,366753,407942,454796,507251,385737,406107
Poland,167942,171319,190333,198029,216545,252668,303161,338689,364834,390679,422965,432254,476825,504989,535655,481235,508857,540186,577055,617513,663519,655332,720.35
Portugal,121823,112.98,115812,127906,156712,179377,185644,194989,211718,222401,219844,228.58,236978,242136,246824,197.51,204186,212015,219857,227453,237171,251709,271191
Qatar,12393,17.76,17538,19363,23534,31734,42463,52722,57294,69051,92541,128181,161313,170858,178953,192077,192214,212121,232669,251129,267515,169184,180883
Romania,35729,37.06,40188,45825,59506,75487,98566,121901,157647,184456,160674,166.01,211.43,243392,274083,174922,183.37,196786,211094,225.12,242889,287279,314876
Russia,195907,259702,306583,345486,431429,591861,763878,979048,1166.56,1344.54,1254.65,1363.98,1706.34,1896.68,2127.58,1235.86,1178.92,1309.27,1447.26,1613.84,1791.79,1647.57,1703.53
Rwanda,1909,1794,1704,1732,1684,1835,2153,2397,2684,2986,5011,5.32,6182,6697,7251,8468,9228,10091,11105,12132,13335,10395,11035
Samoa,218,0.22,232,256,284,309,0.34,365,387,412,567,595,673,717,769,867,0.9,912,941,976,1016,0.78,808
São Tomé and Príncipe,47,46,48,54,59,64,72,79,0.09,98,189,197,221,237,258,326,356,382,413,453,0.5,534,573
Saudi Arabia,161172,188693,183257,188803,214859,250673,309945,348604,354924,377193,379.5,442765,514836,556532,601387,632073,643234,694517,749201,799.75,848557,842588,876148
Senegal,5151,4693,4882,5352,6828,7958,8615,9242,10359,11237,12.61,13517,15422,16412,17473,13988,15197,16744,18504,20464,22828,27576,30039
Serbia,0,8963,11759,15831,20.34,24518,26232,31589,35967,38516,42385,44592,51111,55836,61.11,36555,37.74,39804,42946,46258,50031,60669,65697
Seychelles,623,615,622,698,706,0.7,723,749,698,727,656,791,931,1011,1084,1375,1471,1555,1649,1738,1825,1288,1751
Sierra Leone,669,636,806,936,991,1073,1215,1419,1514,1641,2064,2189,2534,2704,2871,4266,4563,4918,5.37,5865,6373,4407,4587
Singapore,82611,92717,85485,88068,92.35,107405,116704,132155,146.09,157568,163132,178.64,195882,205994,216372,293959,308716,328299,348796,370063,394977,378645,396995
Slovak Republic,20602,20374,21108,24522,33005,42015,47428,54969,69279,78303,88296,96365,109056,115.61,122589,86198,90544,96151,101932,107913,115111,116748,127497
Slovenia,26753,22688,21841,23664,28819,32738,34407,37.34,41125,43955,49551,51.52,57379,60311,63417,42736,44015,46062,48168,50312,52951,60.89,65475
Solomon Islands,332,299,274,228,231,265,294,321,354,393,668,717,896,1002,1086,1205,1289,1386,1492,1611,1751,1649,1798
South Africa,133105,132964,118563,111.13,166655,216772,241933,255155,271779,291.38,277379,286357,314635,331801,349581,317285,326541,340529,357046,374482,394715,415315,435212
Spain,618691,582377,609631,688676,884908,1044.51,1127.98,1225.75,1359.11,1454.35,1438.36,1475.49,1506.20,1534.01,1567.79,1221.39,1265.12,1318.83,1372.18,1427.74,1497.67,1439.96,1570.91
Sri Lanka,15657,16332,15746,16536,18246,20055,23534,26794,30875,34218,41323,38347,44443,47671,51097,79524,86302,94209,102841,112264,122.55,80785,83315
St. Kitts and Nevis,305,0.33,345,355,366,406,442,487,523,557,547,559,0.6,624,0.65,889,0.93,974,1.02,1068,1117,976,1092
St. Lucia,671,685,664,682,716,763,882,933,1009,1084,991,1015,1119,1187,1.26,1438,1498,1565,1632,1702,1767,1715,1998
St. Vincent and the Grenadines,332,335,345,365,382,408,0.43,466,507,555,625,645,733,777,826,765,794,828,866,905,944,769,855
Sudan,10723,12365,13.38,14976,17.78,21691,27895,37564,47156,58003,54294,64965,80811,90739,98222,84331,85222,93817,101047,109358,117403,35919,37769
Suriname,886,0.89,764,1.08,1271,1493,1778,2112,2234,2347,3147,3453,4514,5386,6259,5.05,5187,5744,6251,6738,7266,2817,2937
Swaziland,1377,1.39,1261,1194,1907,2386,2609,2637,2726,2788,2929,3038,3209,3304,3402,4305,4357,4445,4555,4657,4787,0,0
Sweden,253881,242792,221879,244314,304854,349557,358481,385293,423649,442788,397703,437342,495682,521545,547595,483724,499179,519636,541467,562124,585743,622365,660918
Switzerland,265.23,246322,250.57,277113,323065,360152,366514,377.24,389405,397.49,484132,498268,514088,520368,525688,676979,687591,707527,727226,746.28,770927,810.83,862819
Syrian Arab Republic,16834,19861,21017,22.78,22719,24703,27369,31505,34965,36815,54352,61289,74323,81836,90182,0,0,0,0,0,0,0,0
Taiwan Province of China,298825,321374,291889,294876,299606,322299,346651,355708,365317,389991,357344,385165,443539,466126,488158,518816,540073,565374,591253,618101,650902,785589,850528
Tajikistan,1087,991,1057,1212,1555,2073,2311,2811,3141,3457,4577,4821,6342,7325,8713,8045,7.97,8589,9328,10182,11111,8104,8756
Tanzania,8635,9079,9443,9792,10276,11339,12607,12787,14106,15599,22159,23662,27901,30515,33392,46192,46873,50347,54761,59349,64145,69238,74536
Thailand,122.63,122725,115536,126877,142.64,161349,176222,206258,219436,236.59,266434,282351,322009,347815,375689,373536,393019,411266,432409,454082,473997,546223,585586
Timor-Leste,0.27,316,368,343,336,339,0.35,356,493,0.53,599,706,967,1136,1337,0,0,0,0,0,0,0,0
Togo,1529,1299,1334,1479,1677,1.94,2112,2.21,2.39,2589,2771,2927,3247,3409,3603,4152,4499,4918,5367,5836,6394,8493,9357
Tonga,155,158,142,143,159,182,215,224,234,247,259,277,314,332,352,443,473,507,531,558,574,501,0.54
Trinidad and Tobago,6808,8157,9505,9709,12022,13527,16212,19935,21702,24276,23002,26039,32868,35857,38656,27668,28321,30022,31906,33896,36113,21599,23082
Tunisia,20.76,19456,19988,21054,25,28129,28959,30.62,33697,36828,39573,42033,46.93,49.8,53775,44272,44584,45629,46962,50171,53537,42733,45454
Turkey,181.69,198.23,143096,182973,240596,302561,362461,392424,432512,455538,593533,590701,638419,673753,710833,722219,721167,761.44,804563,851773,905844,795952,844534
Turkmenistan,3857,5022,6933,8.7,11424,14196,17174,21846,26215,31732,0,0,0,0,0,44362,51271,58193,65462,73974,83993,53087,60263
Uganda,6008,5.91,5.65,5835,6243,6817,8734,9443,10492,11275,15658,16739,19648,21451,22991,24943,26631,29258,31577,34188,37688,43243,47
Ukraine,31569,31262,38009,42393,50133,64883,86044,106072,122802,137667,115706,119701,145757,160619,175949,90138,93812,104307,115455,125991,137856,181038,203925
United Arab Emirates,55181,70221,68677,75285,88579,103784,130256,168263,185949,207939,228578,256179,298848,326175,356668,339085,356219,382619,410422,438118,468902,410158,427.93
United Kingdom,1467.03,1445.19,1435.63,1574.47,1814.64,2155.16,2230.61,2373.69,2660.66,2822.66,2198.16,2353.03,2611.27,2758.80,2919.12,2864.90,3054.84,3232.28,3425.54,3616.82,3851.98,3108.42,3442.21
United States,9268.43,9816.98,10127.95,10469.60,10960.75,11712.48,12455.83,13244.55,13770.31,14418.48,14266.20,14704.21,16008.51,16729.38,17419.35,17968.20,18697.92,19555.87,20493.25,21404.19,22294.11,22939.58,24796.08
Uruguay,20913,20086,18561,12089,11211,13268,16878,19221,20725,22211,31606,33864,47355,54388,63167,54968,57151,59943,63134,66532,70107,60108,63741
Uzbekistan,17041,13717,11632,9657,10129,12001,13.67,16088,18.84,21727,30321,34232,44892,51125,58224,65953,68699,73457,78.31,83478,88986,65503,72762
Vanuatu,251,245,235,0.23,0.28,0.33,368,387,421,451,554,602,692,747,804,771,832,891,949,1002,1057,999,1.06
Venezuela,97977,117153,122872,92889,83442,112.8,143443,181608,219372,231959,353469,379.16,394106,403123,409562,131855,133534,144227,155096,170.41,184364,44893,43546
Vietnam,28684,31196,32504,35148,39.63,45548,53053,60995,68298,76414,91764,102906,123505,135729,148914,198805,214.75,229845,247415,265987,287257,368002,415493
Yemen,7.53,9561,9533,9985,11869,13565,15193,18.7,21657,24504,26236,31.98,37153,40003,42687,0,0,0,0,0,0,0,0
Zambia,3132,3238,3.64,3775,4326,5.44,7271,10942,10104,10519,12293,15792,20208,21829,23613,24466,25158,27.17,29911,32957,36316,21699,23967
Zimbabwe,5963,8136,12883,30856,10515,4.7,4552,5.54,18281,63039,3556,4.22,5528,6214,6851,13905,14292,14994,15736,16609,17529,25791,27806
